<?xml version="1.0" encoding="UTF-8"?>
<!DOCTYPE hibernate-configuration SYSTEM
	"http://www.hibernate.org/dtd/hibernate-configuration-3.0.dtd">
	
<hibernate-configuration>
	<session-factory>
	<property name="connection.driver_class">com.mysql.jdbc.Driver</property>
	<property name="connection.url">jdbc:mysql://localhost:3306/myhiber</property>
	<property name="connection.username">root</property>
	<property name="connection.password">Captain@2004</property>
	<property name="dialect">org.hibernate.dialect.MySQL5Dialect</property>
	<property name="hbm2ddl.auto">update</property>
	<property name="show_sql">true</property>
	<!--<mapping class="com.hibernate.Student" />
	<mapping class="com.hibernate.Address" />
	<mapping class="com.hibernate.onetoone.Question" />
	<mapping class="com.hibernate.onetoone.Answer" />
	<mapping class="com.hibernate.oneToManyAndManyToOne.Employee" />
	<mapping class="com.hibernate.oneToManyAndManyToOne.Account" />
	<mapping class="com.hibernate.manyToMany.Student" />
	<mapping class="com.hibernate.manyToMany.Project" />-->
	<mapping class="com.hibernate.hql.Student" />
	<mapping class="com.hibernate.hql.Project" />
	
	</session-factory>
</hibernate-configuration>